<?xml version="1.0" encoding="UTF-8"?>
<project-private xmlns="http://www.netbeans.org/ns/project-private/1">
    <editor-bookmarks xmlns="http://www.netbeans.org/ns/editor-bookmarks/2" lastBookmarkId="0"/>
    <open-files xmlns="http://www.netbeans.org/ns/projectui-open-files/2">
        <group>
            <file>file:/C:/Users/Usuario/Documents/NetBeansProjects/Semana14-2/src/semana14/pkg2/Cuadrado.java</file>
            <file>file:/C:/Users/Usuario/Documents/NetBeansProjects/Semana14-2/src/semana14/pkg2/PrincipalCuadrado.java</file>
            <file>file:/C:/Users/Usuario/Documents/NetBeansProjects/Semana14-2/src/semana14/pkg2/Principal.java</file>
            <file>file:/C:/Users/Usuario/Documents/NetBeansProjects/Semana14-2/src/semana14/pkg2/Estudiante.java</file>
        </group>
    </open-files>
</project-private>
