<?xml version="1.0" encoding="UTF-8"?>
<project-private xmlns="http://www.netbeans.org/ns/project-private/1">
    <editor-bookmarks xmlns="http://www.netbeans.org/ns/editor-bookmarks/2" lastBookmarkId="0"/>
    <open-files xmlns="http://www.netbeans.org/ns/projectui-open-files/2">
        <group>
            <file>file:/C:/Users/Usuario/Documents/NetBeansProjects/Semana14/src/semana14/Semana14.java</file>
            <file>file:/C:/Users/Usuario/Documents/NetBeansProjects/Semana14/src/semana14/Principal.java</file>
            <file>file:/C:/Users/Usuario/Documents/NetBeansProjects/Semana14/src/semana14/Estudiante.java</file>
        </group>
    </open-files>
</project-private>
